target;ids;date;user;text
0;1,32654E+18;11/11/2020 15:01;FlechasPaolo;RT SosSemana El 66 de la minera aluvial de oro en Colombia es ilegal Choc y Antioquia son los departamentos donde las imgenes satel
0;1,32654E+18;11/11/2020 14:59;NicolasHC20;RT Rosental Muy grave muy triste la situacin que enfrenta el periodismo de Colombia al ver la transformacin la debacle de la Revist
0;1,32654E+18;11/11/2020 14:58;DavidJRicardo1;RT SosSemana El 66 de la minera aluvial de oro en Colombia es ilegal Choc y Antioquia son los departamentos donde las imgenes satel
0;1,32654E+18;11/11/2020 14:57;juanchaves_co;Creer en la ciencia se volvi un tema de partidos Al menos as parece en Canada US UK y Germany segn encues
0;1,32654E+18;11/11/2020 14:56;FlorMar81615791;RT SosSemana El 66 de la minera aluvial de oro en Colombia es ilegal Choc y Antioquia son los departamentos donde las imgenes satel
0;1,32654E+18;11/11/2020 14:56;Apstefto1;RT Luar5901 DOS MUY MALOS HIJOS D LA PatriaGrande Presidente Brasil dice q la nacin deba dejar d ser un pas d maricones ante cor
0;1,32654E+18;11/11/2020 14:56;Jauguvalc;RT lanuevaprensaco Las 3 teoras sobre quin mat a lvaro Gmez Hurtado el magnicidio que constern a Colombia hace 25 aos y que se m
0;1,32654E+18;11/11/2020 14:55;Fiel25145644;Pitita pasa a ser un trmino de identidad de lo malo y retrgrado en BoliviaUn apelativo con el que se auto id
0;1,32654E+18;11/11/2020 14:55;Apstefto1;RT PauloAbrao Al menos 8 jvenes detenidos en una estacin de la polica de una ciudad del centro de Colombia murieron despus de sufrir
0;1,32654E+18;11/11/2020 14:54;Rosental;Muy grave muy triste la situacin que enfrenta el periodismo de Colombia al ver la transformacin la debacle de
0;1,32654E+18;11/11/2020 14:47;BettyCRodri;RT Luar5901 DOS MUY MALOS HIJOS D LA PatriaGrande Presidente Brasil dice q la nacin deba dejar d ser un pas d maricones ante cor
0;1,32654E+18;11/11/2020 14:45;JulianEst25;RT SosSemana El 66 de la minera aluvial de oro en Colombia es ilegal Choc y Antioquia son los departamentos donde las imgenes satel
0;1,32654E+18;11/11/2020 14:44;maomontenegro;CaracolRadio A pero si le gusta que obliguen a la gente a comer carne a tumbar bosques y selvas para pastoreo a
0;1,32654E+18;11/11/2020 14:44;FernandoBurNova;RT PauloAbrao Al menos 8 jvenes detenidos en una estacin de la polica de una ciudad del centro de Colombia murieron despus de sufrir
0;1,32654E+18;11/11/2020 14:44;urbano_noticias;PueblaSin huellas de violencia a simple vista cadver de nio Juan Pablo reportado como desaparecido es enco
0;1,32654E+18;11/11/2020 14:42;caradur42214541;RT luisyepesb As como debemos atender hoy los reclamos de papicultores hay que seguir apoyando iniciativas de pequeos cultivadores del
0;1,32654E+18;11/11/2020 14:42;CapitandeMar27;RT UltimaHoraGro Violencia Acapulco Hallan ejecutado a presunto abogado en la cajuela de un auto
0;1,32653E+18;11/11/2020 14:38;Lorelain36;RT Luar5901 DOS MUY MALOS HIJOS D LA PatriaGrande Presidente Brasil dice q la nacin deba dejar d ser un pas d maricones ante cor
0;1,32653E+18;11/11/2020 14:38;beppo22;RT PauloAbrao Al menos 8 jvenes detenidos en una estacin de la polica de una ciudad del centro de Colombia murieron despus de sufrir
0;1,32653E+18;11/11/2020 14:37;JOTACE7777;RT PauloAbrao Al menos 8 jvenes detenidos en una estacin de la polica de una ciudad del centro de Colombia murieron despus de sufrir
0;1,32653E+18;11/11/2020 14:36;tomeguindelpina;RT Luar5901 DOS MUY MALOS HIJOS D LA PatriaGrande Presidente Brasil dice q la nacin deba dejar d ser un pas d maricones ante cor
0;1,32653E+18;11/11/2020 14:36;ferlopezarinez;RT PauloAbrao Al menos 8 jvenes detenidos en una estacin de la polica de una ciudad del centro de Colombia murieron despus de sufrir
0;1,32653E+18;11/11/2020 14:35;ZamoraSoyYo;RT Luar5901 DOS MUY MALOS HIJOS D LA PatriaGrande Presidente Brasil dice q la nacin deba dejar d ser un pas d maricones ante cor
0;1,32653E+18;11/11/2020 14:35;bcgilcor;RT Csanchezberzain Reunin con canciller ecuatoriano EEUU reiter su apoyo a Chile Colombia Ecuador y Per para enfrentarse a la
0;1,32653E+18;11/11/2020 14:35;Chela_289;RT luisyepesb As como debemos atender hoy los reclamos de papicultores hay que seguir apoyando iniciativas de pequeos cultivadores del
0;1,32653E+18;11/11/2020 14:35;DavidRa2207;RT Luar5901 DOS MUY MALOS HIJOS D LA PatriaGrande Presidente Brasil dice q la nacin deba dejar d ser un pas d maricones ante cor
0;1,32653E+18;11/11/2020 14:34;Diogotapuio;RT PauloAbrao Al menos 8 jvenes detenidos en una estacin de la polica de una ciudad del centro de Colombia murieron despus de sufrir
0;1,32653E+18;11/11/2020 14:34;JoseReyesPN;RT fronteravivanew 10Nov Fuerte lluvia cae a esta hora en las poblacin fronteriza de San Antonio Tachira y Villa del Rosari
0;1,32653E+18;11/11/2020 14:34;Ariasvilla;RT luisyepesb As como debemos atender hoy los reclamos de papicultores hay que seguir apoyando iniciativas de pequeos cultivadores del
0;1,32653E+18;11/11/2020 14:34;titamariaruiz;RT SosSemana El 66 de la minera aluvial de oro en Colombia es ilegal Choc y Antioquia son los departamentos donde las imgenes satel
0;1,32653E+18;11/11/2020 14:33;oskarciber;RT lanuevaprensaco Las 3 teoras sobre quin mat a lvaro Gmez Hurtado el magnicidio que constern a Colombia hace 25 aos y que se m
0;1,32653E+18;11/11/2020 14:33;MujerOracion;RT PauloAbrao Al menos 8 jvenes detenidos en una estacin de la polica de una ciudad del centro de Colombia murieron despus de sufrir
0;1,32653E+18;11/11/2020 14:32;Elizabe64313909;RT KarenQuirogaA Karla y Karina fueron asesinadas el fin de semana pasado en el EdoMexFeminicidio tras feminicidio y las autoridades
0;1,32653E+18;11/11/2020 14:32;luisyepesb;RT luisyepesb As como debemos atender hoy los reclamos de papicultores hay que seguir apoyando iniciativas de pequeos cultivadores del
0;1,32653E+18;11/11/2020 14:32;PauloAbrao;Al menos 8 jvenes detenidos en una estacin de la polica de una ciudad del centro de Colombia murieron despus d
0;1,32653E+18;11/11/2020 14:32;JOTACE7777;RT Luar5901 DOS MUY MALOS HIJOS D LA PatriaGrande Presidente Brasil dice q la nacin deba dejar d ser un pas d maricones ante cor
0;1,32653E+18;11/11/2020 14:29;Luar5901;DOS MUY MALOS HIJOS D LA PatriaGrande Presidente Brasil dice q la nacin deba dejar d ser un pas d maricones
0;1,32653E+18;11/11/2020 14:28;cerati9;El agua es vida Tmala y disfrtala Medelln 11102020 TaqueriaMijita CentroComercialDelEste
0;1,32653E+18;11/11/2020 14:26;CurubaTech;De los 106 productos agropecuarios colombianos con acceso permitido a otros pases solo se exportan 36 ICA
0;1,32653E+18;11/11/2020 14:25;ippsascolombia;Segn ELTIEMPO Denuncias por corrupcin crecieron en promedio un 169 Fiscala entreg cifras al Congreso para
0;1,32653E+18;11/11/2020 14:24;Cristian7T;RT lanuevaprensaco Las 3 teoras sobre quin mat a lvaro Gmez Hurtado el magnicidio que constern a Colombia hace 25 aos y que se m
0;1,32653E+18;11/11/2020 14:22;enyapraez;RT lanuevaprensaco Las 3 teoras sobre quin mat a lvaro Gmez Hurtado el magnicidio que constern a Colombia hace 25 aos y que se m
0;1,32653E+18;11/11/2020 14:22;cadelapava;RT RedMasNoticias Video Preocupacin en Valle del Cauca por aumento de ocupacin en UCI de 48 a 60 en una semana Ampliacin
0;1,32653E+18;11/11/2020 14:21;errerre3;RT Contravia Colombia ATENCION Grave denuncia de ElEspectador La FiscaliaCol debe responder Denuncian que Fiscala y Centro d
0;1,32653E+18;11/11/2020 14:20;Oterosreportera;RT davosv2004 PorSiNoSabias Segn SSCCDMX STOS GRUPOS se disputan las actividades criminales extorsin cobro de piso ejecuciones
0;1,32653E+18;11/11/2020 14:20;jairo_a_morales;RT lanuevaprensaco Las 3 teoras sobre quin mat a lvaro Gmez Hurtado el magnicidio que constern a Colombia hace 25 aos y que se m
0;1,32653E+18;11/11/2020 14:17;pame_j_aguirre;RT efeministaefe Denunciar la violencia contra las mujeres no depende slo de la vctima es responsabilidad de todo el que tenga conoc
0;1,32653E+18;11/11/2020 14:15;SantanderTravl;Cuando sientas que te mienten y ests en tierra santandereana no temas utilizar la expresin No hable paja as s
0;1,32653E+18;11/11/2020 14:14;lamonaconpelo;RT SosSemana El 66 de la minera aluvial de oro en Colombia es ilegal Choc y Antioquia son los departamentos donde las imgenes satel
0;1,32653E+18;11/11/2020 14:12;oscarabeja;MJDuzan Por fin una decisin inteligentefelicidades ya estamos cansados de periodistas que apoyan a las Farc y
0;1,32653E+18;11/11/2020 14:12;RedMasNoticias;Video Preocupacin en Valle del Cauca por aumento de ocupacin en UCI de 48 a 60 en una semana Amplia
0;1,32653E+18;11/11/2020 14:09;AndresEQuintero;RT lanuevaprensaco Las 3 teoras sobre quin mat a lvaro Gmez Hurtado el magnicidio que constern a Colombia hace 25 aos y que se m
0;1,32653E+18;11/11/2020 14:07;byron6186;RT lanuevaprensaco Las 3 teoras sobre quin mat a lvaro Gmez Hurtado el magnicidio que constern a Colombia hace 25 aos y que se m
0;1,32653E+18;11/11/2020 14:07;tello_willy;RT SosSemana El 66 de la minera aluvial de oro en Colombia es ilegal Choc y Antioquia son los departamentos donde las imgenes satel
0;1,32653E+18;11/11/2020 14:07;FROILANZ;RT lanuevaprensaco Las 3 teoras sobre quin mat a lvaro Gmez Hurtado el magnicidio que constern a Colombia hace 25 aos y que se m
0;1,32653E+18;11/11/2020 14:06;RenzoDiputado;RT luisyepesb As como debemos atender hoy los reclamos de papicultores hay que seguir apoyando iniciativas de pequeos cultivadores del
0;1,32653E+18;11/11/2020 14:03;lanuevaprensaco;Las 3 teoras sobre quin mat a lvaro Gmez Hurtado el magnicidio que constern a Colombia hace 25 aos y que s
0;1,32653E+18;11/11/2020 14:03;Jhurtadoma;RT SosSemana El 66 de la minera aluvial de oro en Colombia es ilegal Choc y Antioquia son los departamentos donde las imgenes satel
0;1,32653E+18;11/11/2020 14:00;ConectandoN;El estudio RojkindArquitectos dio a conocer el diseo de un complejo vacacional que lleva por nombre Ummara en Val
0;1,32652E+18;11/11/2020 13:59;JorgeArciniegas;RT Asobolsa La reactivacin de la industria el comercio y las dems actividades empresariales en Colombia dependen de nuestro compromi
0;1,32652E+18;11/11/2020 13:58;caromejiao;RevistaSemana marthamonita Ese sujeto Montajealegre es de lo ms siniestro y peligroso que ha tenido la historia
0;1,32652E+18;11/11/2020 13:57;Asobolsa;La reactivacin de la industria el comercio y las dems actividades empresariales en Colombia dependen de nuestr
0;1,32652E+18;11/11/2020 13:57;FRubioTorgler;RT luisyepesb As como debemos atender hoy los reclamos de papicultores hay que seguir apoyando iniciativas de pequeos cultivadores del
0;1,32652E+18;11/11/2020 13:55;jacsmil1966;RT ArmadasColombia Colombia recuerden a DEFENDER NUESTRA DEMOCRACIA Seria sensacional aunque sea un dia sin escuchar las estupidece
0;1,32652E+18;11/11/2020 13:51;lavibrante;Hombre que habra abusado de una menor de edad en una zona enmontada fue enviado a la crcel Noticias lavibrante
0;1,32652E+18;11/11/2020 13:49;Axisk029;RT SosSemana El 66 de la minera aluvial de oro en Colombia es ilegal Choc y Antioquia son los departamentos donde las imgenes satel
0;1,32652E+18;11/11/2020 13:46;yaergo;RT Contravia Colombia ATENCION Grave denuncia de ElEspectador La FiscaliaCol debe responder Denuncian que Fiscala y Centro d
0;1,32652E+18;11/11/2020 13:45;cubanopacifico;RT fronteravivanew 10Nov Fuerte lluvia cae a esta hora en las poblacin fronteriza de San Antonio Tachira y Villa del Rosari
0;1,32652E+18;11/11/2020 13:42;YOLIMARPE;RT fronteravivanew 10Nov Frontera Fuertes precipitaciones caen en Ccuta Villa del Rosario y otros municipios del Norte de Santa
0;1,32652E+18;11/11/2020 13:40;lavibrante;Usted es un pobre HP Concejala animalista de Bogot a Jos Flix Lafaurie Noticias lavibrante AEstahora Leer
0;1,32652E+18;11/11/2020 13:39;Pittilin;RT SosSemana El 66 de la minera aluvial de oro en Colombia es ilegal Choc y Antioquia son los departamentos donde las imgenes satel
0;1,32652E+18;11/11/2020 13:39;mariaeu93993718;RT TachiraProtesta A ESTA HORA Sectores de San Antonio del Tachira se encuentran anegados tras las fuertes lluvias en las ltimas horas
0;1,32652E+18;11/11/2020 13:31;Aleocampo16;RT lorenzmurcia Y siguen negando que son defensores de NARCOASESINOSLos NARCOTERRORISTAS a la crcel y que la defensa sea para las ve
0;1,32652E+18;11/11/2020 13:30;alejovr90;En Colombia a duras penas una familia de estrato bajo o medio tiene con que comerse al mes un pedazo de carne y ha
0;1,32652E+18;11/11/2020 13:30;abordodemicamio;RT SosSemana El 66 de la minera aluvial de oro en Colombia es ilegal Choc y Antioquia son los departamentos donde las imgenes satel
0;1,32652E+18;11/11/2020 13:29;yariliv;RT fronteravivanew 10Nov Fuerte lluvia cae a esta hora en las poblacin fronteriza de San Antonio Tachira y Villa del Rosari
0;1,32652E+18;11/11/2020 13:29;mielesgonzalez;RT SosSemana El 66 de la minera aluvial de oro en Colombia es ilegal Choc y Antioquia son los departamentos donde las imgenes satel
0;1,32652E+18;11/11/2020 13:28;PachoRodriG;As inicia el dlar en Colombia Apertura 364500 ltimo 364000 Promedio 364073 mnimo 363720 mxi
0;1,32652E+18;11/11/2020 13:28;PoderMilitarven;RT fronteravivanew 10Nov Fuerte lluvia cae a esta hora en las poblacin fronteriza de San Antonio Tachira y Villa del Rosari
0;1,32652E+18;11/11/2020 13:26;SebastianaB;RT fronteravivanew 10Nov Fuerte lluvia cae a esta hora en las poblacin fronteriza de San Antonio Tachira y Villa del Rosari
0;1,32652E+18;11/11/2020 13:26;miksuka92;RT fronteravivanew 10Nov Frontera Fuertes precipitaciones caen en Ccuta Villa del Rosario y otros municipios del Norte de Santa
0;1,32652E+18;11/11/2020 13:25;BirmaniaEspejo;RT fronteravivanew 10Nov Frontera Fuertes precipitaciones caen en Ccuta Villa del Rosario y otros municipios del Norte de Santa
0;1,32652E+18;11/11/2020 13:24;hernantorres34;RT fronteravivanew 10Nov Frontera Fuertes precipitaciones caen en Ccuta Villa del Rosario y otros municipios del Norte de Santa
0;1,32652E+18;11/11/2020 13:24;anajvelez;RT GermanvalenCT El Jefe de FARC Ivn Cepeda al rastrear a sus enemigos polticos 1Viola ley de funciones del congreso porque no
0;1,32652E+18;11/11/2020 13:23;OleBergum;RT SosSemana El 66 de la minera aluvial de oro en Colombia es ilegal Choc y Antioquia son los departamentos donde las imgenes satel
0;1,32652E+18;11/11/2020 13:23;josraf;RT fronteravivanew 10Nov Frontera Fuertes precipitaciones caen en Ccuta Villa del Rosario y otros municipios del Norte de Santa
0;1,32652E+18;11/11/2020 13:21;SebastianaB;RT fronteravivanew 10Nov Frontera Fuertes precipitaciones caen en Ccuta Villa del Rosario y otros municipios del Norte de Santa
0;1,32652E+18;11/11/2020 13:20;dcarogomez;RT ElPitazoTV Colombia Conoce quin es la empresaria bogotana de 47 aos de edad que aparece en negocios de lex Saab presunto testaf
0;1,32652E+18;11/11/2020 13:20;LINACASVAL;RT SosSemana El 66 de la minera aluvial de oro en Colombia es ilegal Choc y Antioquia son los departamentos donde las imgenes satel
0;1,32652E+18;11/11/2020 13:20;lilianacalo;RT SosSemana El 66 de la minera aluvial de oro en Colombia es ilegal Choc y Antioquia son los departamentos donde las imgenes satel
0;1,32651E+18;11/11/2020 13:16;maito_MC583;Entre hampones se cuidanObserven el puesto q ostenta la narcotraficante de quin y quienes es cercana y as del
0;1,32651E+18;11/11/2020 13:15;Jonalex918;RT SosSemana El 66 de la minera aluvial de oro en Colombia es ilegal Choc y Antioquia son los departamentos donde las imgenes satel
0;1,32651E+18;11/11/2020 13:12;mavaco67;RT GermanvalenCT El Jefe de FARC Ivn Cepeda al rastrear a sus enemigos polticos 1Viola ley de funciones del congreso porque no
0;1,32651E+18;11/11/2020 13:10;Max_singer;RT milefg Una prensa libre puede ser buena o mala pero sin libertad la prensa nunca ser otra cosa que malaColombia paso a paso per
0;1,32651E+18;11/11/2020 13:10;RConfidencial;Recuperan predio ocupado ilegalmente en el Parque Tayronacolombia
0;1,32651E+18;11/11/2020 13:09;agerleinbalen;RT SosSemana El 66 de la minera aluvial de oro en Colombia es ilegal Choc y Antioquia son los departamentos donde las imgenes satel
0;1,32651E+18;11/11/2020 13:08;alejocabrera;El uribismo y la dictadorcita VickyDavilaH van a acabar con lo poco que queda de la RevistaSemana Una lstima po
0;1,32651E+18;11/11/2020 13:08;shadow1967;RT Csanchezberzain Reunin con canciller ecuatoriano EEUU reiter su apoyo a Chile Colombia Ecuador y Per para enfrentarse a la
0;1,32651E+18;11/11/2020 13:07;ParquesComoVan;RT SosSemana El 66 de la minera aluvial de oro en Colombia es ilegal Choc y Antioquia son los departamentos donde las imgenes satel
0;1,32651E+18;11/11/2020 13:07;jennycarolina81;RT crissgeithner Trabajando y encaminando proyectos para las comunidades vulnerables Se
0;1,32651E+18;11/11/2020 13:07;EfeGranada;RT SosSemana El 66 de la minera aluvial de oro en Colombia es ilegal Choc y Antioquia son los departamentos donde las imgenes satel
0;1,32651E+18;11/11/2020 13:07;lfsanchezme;RT Csanchezberzain Reunin con canciller ecuatoriano EEUU reiter su apoyo a Chile Colombia Ecuador y Per para enfrentarse a la
0;1,32651E+18;11/11/2020 13:06;TuiteroDavid;RT EdwBallesteros Al paso que vamos los que votamos No en el plebiscito seremos los culpables de que Santrich Marques y su grupo delin
0;1,32651E+18;11/11/2020 13:06;JCP0928;RT SosSemana El 66 de la minera aluvial de oro en Colombia es ilegal Choc y Antioquia son los departamentos donde las imgenes satel
0;1,32651E+18;11/11/2020 13:05;henry1henry195;RT Csanchezberzain Reunin con canciller ecuatoriano EEUU reiter su apoyo a Chile Colombia Ecuador y Per para enfrentarse a la
0;1,32651E+18;11/11/2020 13:03;EMPSII_SAS;Empsiinforma Noticias del sector Colombia La ANH anunci segunda ronda de adjudicacin de proyectos piloto par
0;1,32651E+18;11/11/2020 13:00;hammerjuan;RT Csanchezberzain Reunin con canciller ecuatoriano EEUU reiter su apoyo a Chile Colombia Ecuador y Per para enfrentarse a la
0;1,32651E+18;11/11/2020 12:58;zahircoelho;RT Csanchezberzain Reunin con canciller ecuatoriano EEUU reiter su apoyo a Chile Colombia Ecuador y Per para enfrentarse a la
0;1,32651E+18;11/11/2020 12:58;juan_heshusius;RT Csanchezberzain Reunin con canciller ecuatoriano EEUU reiter su apoyo a Chile Colombia Ecuador y Per para enfrentarse a la
0;1,32651E+18;11/11/2020 12:57;chezo86;RT EdwBallesteros Al paso que vamos los que votamos No en el plebiscito seremos los culpables de que Santrich Marques y su grupo delin
0;1,32651E+18;11/11/2020 12:57;kmilovillamizar;RT EdwBallesteros Al paso que vamos los que votamos No en el plebiscito seremos los culpables de que Santrich Marques y su grupo delin
0;1,32651E+18;11/11/2020 12:53;ricardocipago;RT pantallazosnot Nueva forma de buscar mercados acebrisas PROCOLOMBIACO MincomercioCo empresas Colombia infopresidencia ricardoc
0;1,32651E+18;11/11/2020 12:50;BomberosBGA;RT DNBomberosCol Lleg el da en unos minutos estaremos conectados con toda ColombiaTe esperamos en nuestro Live de Facebook y Yo
0;1,32651E+18;11/11/2020 12:47;PPRadio919;NoticiasPPRadio Los forneos incrementaron levemente sus tenencias de TES mientras que los fondos de pensiones vo
0;1,32651E+18;11/11/2020 12:44;ammejiaaguado;RT Contravia Colombia ATENCION Grave denuncia de ElEspectador La FiscaliaCol debe responder Denuncian que Fiscala y Centro d
0;1,32651E+18;11/11/2020 12:44;jaimefonseca24;El extremismo con su lanza o apndice de corrupcin est acabando con este pas no solo en lo pblico tambin est
0;1,32651E+18;11/11/2020 12:42;luisalbertors;RT Contravia Colombia ATENCION Grave denuncia de ElEspectador La FiscaliaCol debe responder Denuncian que Fiscala y Centro d
0;1,32651E+18;11/11/2020 12:42;MarioBu07740570;Culpa de su negligencia de ellos que dicen que un robo con Violencia solo es una contravencin menor
0;1,32651E+18;11/11/2020 12:41;CriistanchO_o;RT SosSemana El 66 de la minera aluvial de oro en Colombia es ilegal Choc y Antioquia son los departamentos donde las imgenes satel
0;1,32651E+18;11/11/2020 12:41;JuanPabloMorris;RT Contravia Colombia ATENCION Grave denuncia de ElEspectador La FiscaliaCol debe responder Denuncian que Fiscala y Centro d
0;1,3265E+18;11/11/2020 12:39;vargas_leudys;RT luiscarrillo66 72 masacres en 2020 En Colombia 2 nuevas matanzas dejan 5 fallecidos a travs de Red Radio
0;1,3265E+18;11/11/2020 12:38;RuizMFranciscoJ;RT SosSemana El 66 de la minera aluvial de oro en Colombia es ilegal Choc y Antioquia son los departamentos donde las imgenes satel
0;1,3265E+18;11/11/2020 12:37;DNBomberosCol;Lleg el da en unos minutos estaremos conectados con toda ColombiaTe esperamos en nuestro Live de Facebook
0;1,3265E+18;11/11/2020 12:36;Diegosasmo;RT SosSemana El 66 de la minera aluvial de oro en Colombia es ilegal Choc y Antioquia son los departamentos donde las imgenes satel
0;1,3265E+18;11/11/2020 12:32;CatyGold14;RT TachiraProtesta A ESTA HORA Sectores de San Antonio del Tachira se encuentran anegados tras las fuertes lluvias en las ltimas horas
2;1,32654E+18;11/11/2020 15:02;henryosoriotama;RT FabioASays Para los que estan celebrando victoria sin resultados certificados por ningun estado de la Union Les recuerdo 2000 que po
2;1,32654E+18;11/11/2020 15:02;LatamReady_ESP;Haz clic para agendar una llamada con los Expertos 1 en ERP y Cumplimento Tributario en Latinoamrica
2;1,32654E+18;11/11/2020 15:01;VictoriaMier2;RT ObsNalCiudadano En Edomex se registr un incremento en los robos a negocio y a transente en ViolenciaFamiliar Feminicidio Se
2;1,32654E+18;11/11/2020 15:01;frarivasONC;RT ObsNalCiudadano En Edomex se registr un incremento en los robos a negocio y a transente en ViolenciaFamiliar Feminicidio Se
2;1,32654E+18;11/11/2020 15:01;VQV_Futbol;Segn Antena2RCN el equipo de Colombia para recibir a Uruguay sera con Ospina Luis Manuel Orejuela Yerry
2;1,32654E+18;11/11/2020 15:00;EnchuleC;209 aos de libertad espero esa lucha sea ejemplo para no dejar que
2;1,32654E+18;11/11/2020 15:00;PaulaRush15;RT ArturoAroni Violencia estatal en Colombia Denuncian la muerte de nueve jvenes incinerados en una estacin policial InfoNodal https
2;1,32654E+18;11/11/2020 15:00;Ayahasofia;RT ArturoAroni Violencia estatal en Colombia Denuncian la muerte de nueve jvenes incinerados en una estacin policial InfoNodal https
2;1,32654E+18;11/11/2020 15:00;cepredey;La violencia puede ocurrir de distintas formas detenerla es responsabilidad de todas las personas
2;1,32654E+18;11/11/2020 15:00;olart13;RT MinAmbienteCo Ministro CarlosECorreaE visita Guaviare junto con VisionAmazonia InstitutoSINCHI CorporacionCDA OPIACAmazonia
2;1,32654E+18;11/11/2020 15:00;artemalvac;RT FolcloreEstilo FOLCLORE CON ESTILO Conocemos el Festival Internacional de Msica Llanera El Silbn a travs
2;1,32654E+18;11/11/2020 15:00;ObsNalCiudadano;En Edomex se registr un incremento en los robos a negocio y a transente en ViolenciaFamiliar Feminicidio
2;1,32654E+18;11/11/2020 15:00;vanguardiacom;Colombia 25 das despus de que la Procuradura alertara sobre inconvenientes en algunos tapabocas el Invima le
2;1,32654E+18;11/11/2020 14:59;LaPazColombiani;RT Rolitorolito12 Porque estos medios de comunicacin de Colombia como CanalRCN NoticiasRCN CaracolRadio CaracolTV NoticiasCarac
2;1,32654E+18;11/11/2020 14:59;MaritzaMaita3;RT luiscarrillo66 Colombia suma 7612 casos de coronavirus en 24 horasMximaProteccinSocial
2;1,32654E+18;11/11/2020 14:59;MilaTina200;RT ArturoAroni Violencia estatal en Colombia Denuncian la muerte de nueve jvenes incinerados en una estacin policial InfoNodal https
2;1,32654E+18;11/11/2020 14:59;Rolitorolito12;Porque estos medios de comunicacin de Colombia como CanalRCN NoticiasRCN CaracolRadio CaracolTV
2;1,32654E+18;11/11/2020 14:59;ManuelCortazar7;RT teleSURtv Fiscala de Colombia investigar un incendio ocurrido en septiembre pasado en una estacin policial del municipio de Soac
2;1,32654E+18;11/11/2020 14:59;RedMasNoticias;Video Anuncian subasta de energas renovables para reactivar la economa colombianaAmple la informacin
2;1,32654E+18;11/11/2020 14:58;MiguelCardozoM;Anatoma del prejuicio o Del farisesmo de una diversa alcaldesa a travs de
2;1,32654E+18;11/11/2020 14:58;YudelisCastro4;RT teleSURtv Fiscala de Colombia investigar un incendio ocurrido en septiembre pasado en una estacin policial del municipio de Soac
2;1,32654E+18;11/11/2020 14:58;FolcloreEstilo;FOLCLORE CON ESTILO Conocemos el Festival Internacional de Msica Llanera El Silbn a tra
2;1,32654E+18;11/11/2020 14:58;UnidadVictimas;El director de UnidadVictimas RamonRguezA participa en la Decimoctava Reunin de Expertos en Asistencia a las Vc
2;1,32654E+18;11/11/2020 14:58;AntonellaTroche;RT InformacionCABJ Campuzano en el entrenamiento de Colombia
2;1,32654E+18;11/11/2020 14:58;malugove;Colombia SOS Quin o quines pueden defender los DerechosHumanos de la comunidad de Ituango y Briceo si el
2;1,32654E+18;11/11/2020 14:57;almaguer_elio;RT teleSURtv Fiscala de Colombia investigar un incendio ocurrido en septiembre pasado en una estacin policial del municipio de Soac
2;1,32654E+18;11/11/2020 14:57;ChicleBoyacense;RT AnalisisUrbano ATENCIN BajoCaucaBajoFuego Antioquia ParamafiososAvanzan AGC LosCaparros Colombia En la madru
2;1,32654E+18;11/11/2020 14:57;Barreja;RT AnalisisUrbano ATENCIN BajoCaucaBajoFuego Antioquia ParamafiososAvanzan AGC LosCaparros Colombia En la madru
2;1,32654E+18;11/11/2020 14:56;linalymon;RT PNUDLAC Destacamos un estudio sobre las mujeres refugiadas y migrantes de Venezuela y sus condiciones de vida en Colombia Ec
2;1,32654E+18;11/11/2020 14:56;dario22;RT ArturoAroni Violencia estatal en Colombia Denuncian la muerte de nueve jvenes incinerados en una estacin policial InfoNodal https
2;1,32654E+18;11/11/2020 14:56;KrocInstitute;Los procesos de paz hay que verlos en perspectiva y leerlos como procesos de transicin y transformacin En
2;1,32654E+18;11/11/2020 14:56;SacudeteCol;ANIABELLOR Que orgullo HitRenteria Necesitamos millones de Renterias en Colombia Gracias
2;1,32654E+18;11/11/2020 14:56;JaoElvia;RT Mundubat Nury Martnez dirigente y presidenta de la organizacin campesina Fensuagro1976 en Colombia ha recibido amenazas de
2;1,32654E+18;11/11/2020 14:55;ozkcaa;El nico obstculo que tienes hacia tu futuro eres t mismo Nunca dejes de pensar como ganador LEST GO SCRU
2;1,32654E+18;11/11/2020 14:54;jeleonpineda;RT FabioASays Para los que estan celebrando victoria sin resultados certificados por ningun estado de la Union Les recuerdo 2000 que po
2;1,32654E+18;11/11/2020 14:54;go91fenix;RT ArturoAroni Violencia estatal en Colombia Denuncian la muerte de nueve jvenes incinerados en una estacin policial InfoNodal https
2;1,32654E+18;11/11/2020 14:54;andymunera;G R A F F I T O U R MEDELLINRECORRIDOEscaleras ElctricasGraffities Shows UrbanosMiradores GalerasAr
2;1,32654E+18;11/11/2020 14:54;Berard544;RT Alexrolapiz1 Las vidas colombianas importanColombianLivesMatter ConfioEn NosEstanMatando Colombia SOSColombiaDDHHColombian
2;1,32654E+18;11/11/2020 14:53;Len65751188;RT PanAmPostes Colombia Congreso colombiano frena legalizacin de la marihuana Lea la nota ac por Alvar
2;1,32654E+18;11/11/2020 14:53;AngelLusAvilaA1;RT teleSURtv Fiscala de Colombia investigar un incendio ocurrido en septiembre pasado en una estacin policial del municipio de Soac
2;1,32654E+18;11/11/2020 14:52;javiergomezmesa;RT AlejaPorrasC Dignidad Papera defini da puntos de concetracion y horarios en los que desarrollarn la movilizacin nacional para def
2;1,32654E+18;11/11/2020 14:52;RITAYULY;RT FabioASays Para los que estan celebrando victoria sin resultados certificados por ningun estado de la Union Les recuerdo 2000 que po
2;1,32654E+18;11/11/2020 14:52;KumpaLili;RT Alexrolapiz1 Las vidas colombianas importanColombianLivesMatter ConfioEn NosEstanMatando Colombia SOSColombiaDDHHColombian
2;1,32654E+18;11/11/2020 14:51;Inszapata1;RT lanuevaprensaco Juez confirma el proceso contra lvaro UribePor dwespanolColombia a travs de lanueva
2;1,32654E+18;11/11/2020 14:50;castano85m;RT FabioASays Para los que estan celebrando victoria sin resultados certificados por ningun estado de la Union Les recuerdo 2000 que po
2;1,32654E+18;11/11/2020 14:50;anajvelez;RT FabioASays Para los que estan celebrando victoria sin resultados certificados por ningun estado de la Union Les recuerdo 2000 que po
2;1,32654E+18;11/11/2020 14:49;Diego2005ortiz;PalomaValenciaL Pero es que Colombia no tiene ni presidente ni gobierno estamos esperando al 2022 ah vendrn l
2;1,32654E+18;11/11/2020 14:49;polirosero1;RT shababaty El llanto de MyriamNuezLa ciclista ecuatoriana es lder de la Vuelta a Colombia y est a tan solo 1 etapa de ser camp
2;1,32654E+18;11/11/2020 14:48;AlejoSotoG;RT Contravia Colombia Los Medios de Comunicacin capturados por Banqueros Grupos Empresariales o Millonaria Pauta Estatal pierden credi
2;1,32654E+18;11/11/2020 14:48;lumaina37;RT RiosVivosColom Acompanos Hoy a las 5 pm Colombia y 7 pm Argentina en la conversacinMe lo dijo el RoBsqueda de personas desa
2;1,32654E+18;11/11/2020 14:48;Ambiente884;Economa Comercio tendr jornadas 24 horas Colombia Comercio
2;1,32654E+18;11/11/2020 14:48;televertv;Atentado Varias personas resultaron heridas en un ataque con granada en un cementerio de la ciudad Saud de Yeda
2;1,32654E+18;11/11/2020 14:47;fgolecuador;EliminatoriasSudamericanas Colombia suma baja de ltima hora para enfrentar a Uruguay y Ecuador
2;1,32654E+18;11/11/2020 14:47;El_Clarinete;Asaltan lote de venta de autos en Aguascalientes violencia
2;1,32654E+18;11/11/2020 14:47;GruposdeWhatsap;Grupo de WhatsApp amitad mundial uwu Mor pos nada estra XD Amistades Colombia Amigos colombia Amigas colo
2;1,32654E+18;11/11/2020 14:46;radiosupercali;Es necesario que frente a la crisis ambiental que est viviendo el mundo repensemos en cuidar nuestra casa
2;1,32654E+18;11/11/2020 14:46;plus_stories;JUAN DE DIOS PANTOJA Y KIMBERLY LOAIZA RAZONES POR LAS QUE OCULTA SU EMBARAZOKimberlyLoaiza JuandediosP
2;1,32654E+18;11/11/2020 14:46;cinetflixshow;les comparto resumen CitationNetflix espero les guste y compartanVenezuela Peru
2;1,32654E+18;11/11/2020 14:46;CeciliaJunio4;RT FabioASays Para los que estan celebrando victoria sin resultados certificados por ningun estado de la Union Les recuerdo 2000 que po
2;1,32654E+18;11/11/2020 14:45;JuanPabloMorris;RT Contravia Colombia Los Medios de Comunicacin capturados por Banqueros Grupos Empresariales o Millonaria Pauta Estatal pierden credi
2;1,32654E+18;11/11/2020 14:44;shuail;RT teleSURtv Fiscala de Colombia investigar un incendio ocurrido en septiembre pasado en una estacin policial del municipio de Soac
2;1,32654E+18;11/11/2020 14:44;Chamito0604;RT lanuevaprensaco Juez confirma el proceso contra lvaro UribePor dwespanolColombia a travs de lanueva
2;1,32654E+18;11/11/2020 14:44;alejand31578852;RT krmnpnll Venezuela Mundo EEUU LatAm Espaa UE Francia Alemania Israel Colombia Brasil Mexico Bolivia PeruCuidado con lo
2;1,32654E+18;11/11/2020 14:44;NeyElAvioncito;Pero cmo si desde que tengo memoria esa va la paviment Gaviria Samper Pastrana Uribe 2 veces Santos 2
2;1,32654E+18;11/11/2020 14:44;CruzadaInformat;Bueno donde esta la CIDH y Almugre y donde esta la Bachelete y la onu ante estos asesinatos y violaciones de dere
2;1,32654E+18;11/11/2020 14:44;Crespo410;RT teleSURtv Fiscala de Colombia investigar un incendio ocurrido en septiembre pasado en una estacin policial del municipio de Soac
2;1,32654E+18;11/11/2020 14:44;EcParlandino;RT Parlandino ConoceTuRegin El ParlamentoAndino celebra el aniversario de la IndependenciaDeCartagena cuarta maravilla de Colombi
2;1,32654E+18;11/11/2020 14:43;retgx;RT mundociclistico VFemenina2020 VICTORIA de Jennifer Ducuara en la 4a etapa de la Vuelta a Colombia Femenina 2020 en Vlez
2;1,32654E+18;11/11/2020 14:43;Luisang16021817;RT teleSURtv Fiscala de Colombia investigar un incendio ocurrido en septiembre pasado en una estacin policial del municipio de Soac
2;1,32654E+18;11/11/2020 14:42;AuroraMachado;RT FabioASays Para los que estan celebrando victoria sin resultados certificados por ningun estado de la Union Les recuerdo 2000 que po
2;1,32654E+18;11/11/2020 14:42;OeaElSalvador;RT MESICIC 17 Estados miembros de OEAoficial realizaron actividades p fortalecer sus instituciones p proteger a aquellos que denuncia
2;1,32654E+18;11/11/2020 14:42;MarthaLiArevalo;RT AnalisisUrbano ATENCIN BajoCaucaBajoFuego Antioquia ParamafiososAvanzan AGC LosCaparros Colombia En la madru
2;1,32654E+18;11/11/2020 14:41;YV2GFI;As estuvo la localidad de Llano Jorge en la zona sur de San Antonio del
2;1,32654E+18;11/11/2020 14:41;CiudadanoDeArm1;RT teleSURtv Fiscala de Colombia investigar un incendio ocurrido en septiembre pasado en una estacin policial del municipio de Soac
2;1,32654E+18;11/11/2020 14:41;inaturcojedes;RT teleSURtv Fiscala de Colombia investigar un incendio ocurrido en septiembre pasado en una estacin policial del municipio de Soac
2;1,32654E+18;11/11/2020 14:41;jankovic_vera;RT FabioASays Para los que estan celebrando victoria sin resultados certificados por ningun estado de la Union Les recuerdo 2000 que po
2;1,32654E+18;11/11/2020 14:41;normaenriquezg1;RT FabioASays Para los que estan celebrando victoria sin resultados certificados por ningun estado de la Union Les recuerdo 2000 que po
2;1,32654E+18;11/11/2020 14:40;teleSURtv;Fiscala de Colombia investigar un incendio ocurrido en septiembre pasado en una estacin policial del municipi
2;1,32654E+18;11/11/2020 14:40;_LaAlameda;Secuestro otro flagelo q fustiga al pas Miles de familias lo padecen Nomsplagios Mxico
2;1,32654E+18;11/11/2020 14:40;martinez_270115;RT eddysevenson badalonicatala martinez270115 xcibo neciodecuba DavidXCuba MachelinDiaz Patters57012595 BolivieFrance KarlyTint
2;1,32654E+18;11/11/2020 14:39;VOCESROVIRENSES;Santander Desde la 1 am se presenta un derrumbe en el sector Pozo Bravo va Curos Mlaga 1560am
2;1,32653E+18;11/11/2020 14:38;eduquescobar;RT DanielGCampos Coincidencia sincronicidad y afinidad en una amistad propiciada por la belleza de Caldas Colombia
2;1,32653E+18;11/11/2020 14:38;radiosupercali;Alaire Hay que acudir a instancias internacionales para proteger la vida yo creo que esto s va a cambiar en
2;1,32653E+18;11/11/2020 14:37;LAMONJACALI;Bendita Senador vallecaucano JohnMiltonR lidera la bancada provida en el congreso que le solicit a la cort
2;1,32653E+18;11/11/2020 14:37;alexabreo22;RT teleSURtv El observatorio de DDHH Indepaz de Colombia report que durante el curso del ao 2020 se han registrado 251 asesinato
2;1,32653E+18;11/11/2020 14:36;AlejaPorrasC;Dignidad Papera defini da puntos de concetracion y horarios en los que desarrollarn la movilizacin nacional pa
2;1,32653E+18;11/11/2020 14:36;21RubenMartinez;RT lahojasintinta FelizMiercoles Hoy hay una guerra contra la verdad No se reconoce no se declara El costo en vidas humanas y sufrim
2;1,32653E+18;11/11/2020 14:36;oskarciber;RT RiosVivosColom Acompanos Hoy a las 5 pm Colombia y 7 pm Argentina en la conversacinMe lo dijo el RoBsqueda de personas desa
2;1,32653E+18;11/11/2020 14:35;NutriologaRubi;FranciscoSancle GrupoArgos BBVAColombia BBVAPrensaco ITRUJILLOP rjolivella maflo2009 MichelleWeltman
2;1,32653E+18;11/11/2020 14:35;jrojasa75;Conmebol en MLS 19 jugadores15 en equipos de MLSCupPlayoffs Per 6 Ecuador 4 Venezuela 3 Uruguay 2
2;1,32653E+18;11/11/2020 14:33;Taurosuno;Implantaban prtesis con cocana lquida a mujeres en Colombia y las enviaban a EuropaDROGA Y MASACRES esto es
2;1,32653E+18;11/11/2020 14:33;audiohipismo;EN BREVE ESTAREMOS CON NUESTROS PRONOSTICOS PARA EL HIPODROMO DE GulfstreamParkPARA trackraces EN PERU Y
2;1,32653E+18;11/11/2020 14:32;Ungoro;RT mundociclistico VFemenina2020 VICTORIA de Jennifer Ducuara en la 4a etapa de la Vuelta a Colombia Femenina 2020 en Vlez
2;1,32653E+18;11/11/2020 14:32;Julian_rlo;Puente Eustorgio ColmenaresDiagonal SantanderCcutaColCcuta Colombia Fotos Enproceso
2;1,32653E+18;11/11/2020 14:31;PRENSA_MALAGA;RT GobiernoMalaga Secuestro Mlaga La guardiacivil de Alicante Madrid y Mlaga libera a dos personas secuestradas en Alicante y r
2;1,32653E+18;11/11/2020 14:31;acastro72;RT vanguardiacom Colombia Gobierno ech para atrs restriccin de ingreso a ciudadanos de siete pases
2;1,32653E+18;11/11/2020 14:31;eddysevenson;badalonicatala martinez270115 xcibo neciodecuba DavidXCuba MachelinDiaz Patters57012595 BolivieFrance
2;1,32653E+18;11/11/2020 14:31;Michino73864920;RT FabioASays Para los que estan celebrando victoria sin resultados certificados por ningun estado de la Union Les recuerdo 2000 que po
2;1,32653E+18;11/11/2020 14:31;prensa_gcivil_m;RT GobiernoMalaga Secuestro Mlaga La guardiacivil de Alicante Madrid y Mlaga libera a dos personas secuestradas en Alicante y r
2;1,32653E+18;11/11/2020 14:31;Alexand51966012;RT luiscarrillo66 Colombia suma 7612 casos de coronavirus en 24 horasMximaProteccinSocial
2;1,32653E+18;11/11/2020 14:30;EMPSII_SAS;Empsiinforma Noticias regulatorias Colombia Invitacin a participar en la audiencia pblica de rendicin de cu
2;1,32653E+18;11/11/2020 14:30;eliza_caicedo;RT espejomx En un rato es probable temblor en Colombia Venezuela hoy 1011 nov 2020
2;1,32653E+18;11/11/2020 14:30;alapevalencia;Boletn de noticias EjeCafetero ColombiaQuindo Caldas Risaralda KF News noticias del Eje Nov 112020
2;1,32653E+18;11/11/2020 14:30;andresaromeroc;RT kienyke Colombia Conozca los pasos o requisitos necesarios para que una revocatoria de mandato prospereLasRevocatoriasSon Por
2;1,32653E+18;11/11/2020 14:30;DhemicorpSa;Presentamos nuestro balance semanal de operaciones2311 operacionesPortafolio RD 14592688238Portafolio US
2;1,32653E+18;11/11/2020 14:29;peaceagreement1;RT KrocInstitute EnVivo El Padre Luis Fernando Munera Congote SJ Decano de la Facultad de Ciencias Polticas UniJaveriana participa
2;1,32653E+18;11/11/2020 14:29;ACIPETUIS;AcipetNews Resultados de Frontera en el tercer trimestre de 2020
2;1,32653E+18;11/11/2020 14:29;alexrugem;RT PanAmPostes Colombia Congreso colombiano frena legalizacin de la marihuana Lea la nota ac por Alvar
2;1,32653E+18;11/11/2020 14:29;Juanfer8881;colombia sin Claudia Lpez
2;1,32653E+18;11/11/2020 14:28;baltazarrauseo;RT PanAmPostes Colombia Congreso colombiano frena legalizacin de la marihuana Lea la nota ac por Alvar
2;1,32653E+18;11/11/2020 14:28;jimmycabezasd;RT phpatino asantosrubino Referente de que NO sea inflado NO sea bocn Ud y su squito de pseudo periodistas sesgados y Mamertos ac
2;1,32653E+18;11/11/2020 14:28;juandiz2005;RT FabioASays Para los que estan celebrando victoria sin resultados certificados por ningun estado de la Union Les recuerdo 2000 que po
2;1,32653E+18;11/11/2020 14:27;hleonjocas3136;RT Contravia Colombia Antioquia Una vez ms la Gobernacin de Antioquia desalojando vctimas
2;1,32653E+18;11/11/2020 14:27;Elizabe64313909;RT KarenQuirogaA Exigimos el esclarecimiento de la violencia en contra de las mujeres manifestantes que reclamaban justicia por el fe
2;1,32653E+18;11/11/2020 14:27;PerroAm01896908;RT PanAmPostes Colombia Congreso colombiano frena legalizacin de la marihuana Lea la nota ac por Alvar
2;1,32653E+18;11/11/2020 14:27;luismollegas;RT Krelis9 ASI COMIENZAN LAS DICTADURAS IMPONIENDO UN DIA SIN CARNE LUEGO 2 3 SOLO AL PUEBLO EstamosDeTuLado LloratonMamerta 11
2;1,32653E+18;11/11/2020 14:27;unapensando;RT MinAmbienteCo En los 20AosDeSeaflower destacamos la importancia de esta Reserva de Biosfera para Colombia y el mundo por su diversi
2;1,32653E+18;11/11/2020 14:26;Krelis9;ASI COMIENZAN LAS DICTADURAS IMPONIENDO UN DIA SIN CARNE LUEGO 2 3 SOLO AL PUEBLO EstamosDeTuLado
2;1,32653E+18;11/11/2020 14:26;clarabermudez1a;Por favor MinjusticiaCo CarlosHolmesTru infopresidencia IvanDuque PoliciaColombia COLEJERCITO que los NARCO
2;1,32653E+18;11/11/2020 14:26;Ingenieros_EJC;RT YoSoyDanteEJC Colombia los soldados del Ejrcito Nacional continuarn cuidndolo durante la nocheEjrcitoTransparenteDenuncie
2;1,32653E+18;11/11/2020 14:26;diarioelfrente;Colombia La Polica anunci la captura de una mujer que estaba con un hombre maltratando al animal en el Valle d
2;1,32653E+18;11/11/2020 14:25;claudia04213250;RT RedMasNoticias Video Proponen atencin 24 horas del comercio durante el tercer da sin IVA para evitar aglomeraciones
2;1,32653E+18;11/11/2020 14:25;BorisPaloma;BluRadioCo IntlCrimCourt PoliciaColombia hrw JMVivancoHRW amnesty UN IvanDuque CarlosHolmesTru Dejen quem
2;1,32653E+18;11/11/2020 14:24;MariaElenadevar;RT PanAmPostes Colombia Congreso colombiano frena legalizacin de la marihuana Lea la nota ac por Alvar
2;1,32653E+18;11/11/2020 14:24;Aeroviajesp;Conoces BONITO GORDO Un lugar donde comienza la travesa del Parque Tayrona en Santa Marta Colombia Se lleg
4;1,32654E+18;11/11/2020 15:02;lavibrante;Con 23 jugadores entren la Seleccin Colombia en Barranquilla Noticias lavibrante AEstahora Leer ms
4;1,32654E+18;11/11/2020 15:02;ongasinclusion;RT 21RubenMartinez FelizMiercoles BuenosDiasATodos Si puedes apreciar el milagro que encierra una sola flor tu vida entera cambiar
4;1,32654E+18;11/11/2020 15:02;acastro72;RT vanguardiacom Colombia 25 das despus de que la Procuradura alertara sobre inconvenientes en algunos tapabocas el Invima le dio
4;1,32654E+18;11/11/2020 15:01;Marconicok;Cuando se le dar la gana a la empresa fraudulenta de ClaroTeAyuda ClaroColombia de terminar los contratos de int
4;1,32654E+18;11/11/2020 15:01;21RubenMartinez;FelizMiercoles BuenosDiasATodos Si puedes apreciar el milagro que encierra una sola flor tu vida entera cambiar
4;1,32654E+18;11/11/2020 15:00;CAMI_JIMENEZT;RT ValoraAnalitik Colombia da un nuevo paso para los pilotos de fracking y ECOPETROL SA se pone a la cabeza de las iniciativas para me
4;1,32654E+18;11/11/2020 15:00;region_cultural;IMGENES SENSIBLES AS FUE LA DETENCIN DE SEBASTIN VILLAREAL EL AGRESOR DE LA ESCUELA DE DANZAS
4;1,32654E+18;11/11/2020 15:00;Asopormen;Panorama del Derecho a la Salud en Colombia Con castellanosfj director de la odpdh y djreyesa
4;1,32654E+18;11/11/2020 15:00;YaremiEs;LoQueDebesSaber Violencia psicolgica lo que ms sufren las mexicanas Infografa de Notimex
4;1,32654E+18;11/11/2020 15:00;Faranduliandoo;TuTicketAqui tiene 20 cupos disponibles para el concierto virtual de PeterManjarres este 13 de Nov Adquiere el t
4;1,32654E+18;11/11/2020 14:59;onurixLatam;ONURIX te brinda grandes promociones aprovecha esta oportunidad y recarga en mensajera masiva SMS
4;1,32654E+18;11/11/2020 14:59;MaritzaMaita3;RT luiscarrillo66 Colombia Denuncian muerte de nueve jvenes en estacin policialMximaProteccinSocial N
4;1,32654E+18;11/11/2020 14:58;rodolfo64056826;RT charoguerra Excelente noticia El presidente IvanDuque confirma que Colombia ya tiene un acuerdo para la adquisicin de 15 mill de d
4;1,32654E+18;11/11/2020 14:58;AbogadesEnCoop;Si bien se encuentra vigente la ley 26485 de Proteccin Integral a las Mujeres es una norma especial que protege
4;1,32654E+18;11/11/2020 14:58;AbogadesEnCoop;Consideramos muy importante su ratificacin ya que se trata de un instrumento histrico para todo el colectivo de
4;1,32654E+18;11/11/2020 14:57;PLocutoraOk;RT PRODU Colombia PasinDeGavilanes por caracoltv sigue como lo ms visto del ranking Ratings
4;1,32654E+18;11/11/2020 14:56;dianamiledurang;RT PaisajeCol Nevado del Tolima en el Parque Nacional Natural Los NevadosFoto conthcristhian en InstagramColombia
4;1,32654E+18;11/11/2020 14:56;cyan_hin;Pan Natural Bogota Colombia pan vegano de centeno sin levadura de chocolate cemillas cerbeza
4;1,32654E+18;11/11/2020 14:56;CarolyDeAngeli;RT protestari Me enorgullece saber que el pueblo prevalece ante la represin ProTestari ProtestaColombia LuchaPopular Colombia S
4;1,32654E+18;11/11/2020 14:56;CarolyDeAngeli;RT protestari Mucho de lo ms importante de nuestras vidas est en manos de otros Por eso es que me parece importante reclamar el derec
4;1,32654E+18;11/11/2020 14:56;FocusLATAM;El gremio del juego colombiano Fecoljuegos visit las salas de juego de Tunja y festej el alto acatamiento de prot
4;1,32654E+18;11/11/2020 14:56;AgenciaHoyCO;Mapa en vivo de propagacin del coronavirus Covid19Colombia ya super el milln de contagios por coronavirus pe
4;1,32654E+18;11/11/2020 14:54;ElVenezolanoCo;Concejal de Bogot denunci que 9 jvenes que estaban detenidos en una estacin de Polica de Soacha murieron en
4;1,32654E+18;11/11/2020 14:54;cami_5467;Un feliz da Colombia
4;1,32654E+18;11/11/2020 14:53;Luis_Valdivieso;BuenosDas Eres lo que eres por las decisiones que has tomadoCali Colombia BuenosDasATodos FelizMircoles
4;1,32654E+18;11/11/2020 14:52;camaradahenry;RT ChalecosAmarill En Colombia asesinato masivo de nueve jvenesEl 409 Soacha vivi una escena dantesca en la estacin de Polic
4;1,32654E+18;11/11/2020 14:52;ArturoAroni;Violencia estatal en Colombia Denuncian la muerte de nueve jvenes incinerados en una estacin policial
4;1,32654E+18;11/11/2020 14:51;Naira88957255;RT Pausel1 Empieza hoy mismo a cambiar tu futuro y recuerda nada que te haga libre financieramente es fcil
4;1,32654E+18;11/11/2020 14:51;Naira88957255;RT Pausel1 Uno de los mejores consejos en la vida Pausel1 bomtopia Colombia dinero FinanzasPersonales
4;1,32654E+18;11/11/2020 14:50;AsesorHipico;Activa el Paypal y recibe un 10 adicional sobre tu primera recarga Que esperas para apostar en USD y cobrar d
4;1,32654E+18;11/11/2020 14:49;arauca_simon;Hasta hoy lleg la historia de RevistaSemana una buena publicacin que haba en Colombia
4;1,32654E+18;11/11/2020 14:49;AldanaMilena;RT antetodoco Mientras no tengamos herramientas efectivas contra el narcotrfico y no aumentemos el pie de fuerza de nuestras FFAA las m
4;1,32654E+18;11/11/2020 14:48;RedMasNoticias;Video La defensa principal duda del tcnico de la Seleccin Colombia CarlosQueiroz antes de enfrentar a
4;1,32654E+18;11/11/2020 14:47;arcilito;LaCausePerdue marginal recuerda q cuando Colombia estaba hecha mierda ms de 5 millones de hermanos colombianos
4;1,32654E+18;11/11/2020 14:46;DraegerNewsSan;Hoy 11 de Noviembre se celebra en toda Colombia el da del Bombero Felicitamos y deseamos la mayor suma de fe
4;1,32654E+18;11/11/2020 14:46;CAVECOL;Colombia extiende el Decreto N 1168 con el cual seguir aplicando la etapa de aislamiento selectivo y responsabil
4;1,32654E+18;11/11/2020 14:45;NstorCastroNei3;RT giovanniarnulfo Definidos los finalistas de la Liga Profesional de BaloncestoBaloncesto Cali Colombia
4;1,32654E+18;11/11/2020 14:44;roservin;RT ChalecosAmarill En Colombia asesinato masivo de nueve jvenesEl 409 Soacha vivi una escena dantesca en la estacin de Polic
4;1,32654E+18;11/11/2020 14:44;prensario;Colombia Los diez programas de TV abierta ms vistos ayer martes 10 Fuente KIBOPEMediaAL CaracolTV
4;1,32654E+18;11/11/2020 14:44;lumicaso;javi1016 El nuevo embajador en Espaa El hombre corre peligro en Colombia y hay que protegerlo
4;1,32654E+18;11/11/2020 14:42;soybucaros;RT giovanniarnulfo Definidos los finalistas de la Liga Profesional de BaloncestoBaloncesto Cali Colombia
4;1,32654E+18;11/11/2020 14:42;jimenezcjuan;RT charoguerra Excelente noticia El presidente IvanDuque confirma que Colombia ya tiene un acuerdo para la adquisicin de 15 mill de d
4;1,32654E+18;11/11/2020 14:42;Galaxiaseg;Hoy en su da queremos decir Gracias amigo Bombero por la importante labor que realizas para toda la sociedad
4;1,32654E+18;11/11/2020 14:41;bebolapauta;Dios lo bendiga Siervo Posted withregram almightytgc Wow esto para pelos Miren la mano que sale en mi ho
4;1,32654E+18;11/11/2020 14:41;audiohipismo;RT audiohipismo trackraces Presenta el TBT del dia Authentic ganando el KentuckyDerby 2020 en fecha atipica para la mejor carrera
4;1,32654E+18;11/11/2020 14:41;AdlatinaGroup;ColombiaLos socios y fundadores de Maestranza hablan de los servicios de la agencia y de los nuevos clientes
4;1,32654E+18;11/11/2020 14:41;Christiansem5;Que Ella es una maestra de taekwondo 11DeNoviembre BuenosDias mujeres deporte Maestra disiplina
4;1,32654E+18;11/11/2020 14:41;giovanniarnulfo;Definidos los finalistas de la Liga Profesional de BaloncestoBaloncesto Cali Colombia
4;1,32654E+18;11/11/2020 14:40;Hora24Noticias;Violencia GTO Los periodistas que cubren la noticia de alto impacto policiaca estn en la zona de gue
4;1,32654E+18;11/11/2020 14:40;GEWColombia;Listos para las nuevas tendencias en emprendimiento 170 pases dirn presente en la Semana Global del Emprendimi
4;1,32654E+18;11/11/2020 14:39;OscarCepedaV;Preguntas interesantes que surjen de las teoras planteadas Sentencia C420 Colombia Notificaciones Judiciales
4;1,32653E+18;11/11/2020 14:39;eduquescobar;RT DanielGCampos El placer de disfrutar la amistad acompaada de un caf aromtico y fuerte en Manizales Colombia
4;1,32653E+18;11/11/2020 14:38;Arcabuco_Boyaca;En tiempo de lluvia y fro un caf con una deliciosa Almojabana Arcabuco Boyac Colombia
4;1,32653E+18;11/11/2020 14:38;Laveroha;Colombia Importantes desarrollos en materia independencia del periodismo en tiempos de polarizacin
4;1,32653E+18;11/11/2020 14:37;OBSERVERNR1;Elementos de la Polica Municipal de CuautitlnIzcalli detuvieron a dos presuntos responsables de secuestro una
4;1,32653E+18;11/11/2020 14:36;colombianadepvc;Testimonio de un cliente satisfecho con nuestras ventanas en PVC con solucin acstica testimonio cliente
4;1,32653E+18;11/11/2020 14:36;insumosibicol;Prximamente algo nuevo llegar a nuestro portafolio de productos Sganos en nuestras redes sociales para mantener
4;1,32653E+18;11/11/2020 14:35;JFoficialmusic;RT PacoElviraMX Lo que viene siempre ser mejor que lo que se fuefelizmiercoles LaFuerzadelxito entreprenur leadership travel
4;1,32653E+18;11/11/2020 14:35;ORCODEE_Mexico;RT PacoElviraMX Lo que viene siempre ser mejor que lo que se fuefelizmiercoles LaFuerzadelxito entreprenur leadership travel
4;1,32653E+18;11/11/2020 14:35;energia1234;Se aproximan nuevas licitaciones de energasrenovables en Latinoamrica LatamFE En Colombia el presidente
4;1,32653E+18;11/11/2020 14:35;_AndreMora_;RT antetodoco ParquesNacionales60AnosColombia cuenta con 42 parques naturales estos son reflejo de nuestra diversidad Segn MinAmbie
4;1,32653E+18;11/11/2020 14:34;Taurosuno;Denuncian muerte de 9 jvenes por incendio en estacin de Polica en ColombiaDROGA Y MASACRES esto es Colombia co
4;1,32653E+18;11/11/2020 14:34;group_fe;RT PacoElviraMX Lo que viene siempre ser mejor que lo que se fuefelizmiercoles LaFuerzadelxito entreprenur leadership travel
4;1,32653E+18;11/11/2020 14:33;didagroproyecto;RT PacoElviraMX Lo que viene siempre ser mejor que lo que se fuefelizmiercoles LaFuerzadelxito entreprenur leadership travel
4;1,32653E+18;11/11/2020 14:33;caradur42214541;RT Observacom Colombia OBSERVACOM acompa el debate sobre proyecto de Ley para establecer mnimo vital de Internet UNALOficial Piza
4;1,32653E+18;11/11/2020 14:33;PInfomartivo;RT PacoElviraMX Lo que viene siempre ser mejor que lo que se fuefelizmiercoles LaFuerzadelxito entreprenur leadership travel
4;1,32653E+18;11/11/2020 14:32;Sharolozano08;RT caromejiao RevistaSemana marthamonita Ese sujeto Montajealegre es de lo ms siniestro y peligroso que ha tenido la historia de Col
4;1,32653E+18;11/11/2020 14:31;acastro72;RT vanguardiacom Colombia busca adquirir vacuna para Covid y aplicarla en primer semestre de 2021
4;1,32653E+18;11/11/2020 14:31;TudnRadio;QUIERE MINUTOS l Edwin Cardona espera jugar al lado de James Rodrguez y poder lucir su talento con la selecci
4;1,32653E+18;11/11/2020 14:31;DagaDomicilios;Buenos das DOMICILIOS DAGA A TIEMPO Y SEGURO felizdia Felizmiercoles FelizmiercolesATodos cucuta
4;1,32653E+18;11/11/2020 14:31;lahojasintinta;FelizMiercoles Hoy hay una guerra contra la verdad No se reconoce no se declara El costo en vidas humanas y su
4;1,32653E+18;11/11/2020 14:30;EmporiaCyA;El Alcalde de Ibague Andreshurtado7 lleva una gran ventaja sobre el Alcalde de Bucaramanga JCardenasRey Te in
4;1,32653E+18;11/11/2020 14:30;Alexand51966012;RT luiscarrillo66 Colombia Denuncian muerte de nueve jvenes en estacin policialMximaProteccinSocial N
4;1,32653E+18;11/11/2020 14:30;eliza_caicedo;RT espejomx En caso de pasar el temblor de colombia venezuela debera de venir despus un 80 por lo que en verdad espero que no tiemb
4;1,32653E+18;11/11/2020 14:30;hubBOG;No sabes cmo adaptar tu empresa ante esta nueva situacinEntrate cmo lograrlo con programas especiales de
4;1,32653E+18;11/11/2020 14:30;mirorga;RT Observacom Colombia OBSERVACOM acompa el debate sobre proyecto de Ley para establecer mnimo vital de Internet UNALOficial Piza
4;1,32653E+18;11/11/2020 14:30;ricvaz62;RT RealEstateEarth El MinHacienda seal que la falta de Vehculos de inversin en Colombia ha sido una de las principales causas por
4;1,32653E+18;11/11/2020 14:30;aeroERMO;Ests pensando en viajar Te decimos por qu el aire dentro de un avin es seguro ante el coronavirusMs informa
4;1,32653E+18;11/11/2020 14:29;AidForAidsCol;FelizMircoles En AidForAidsCol continuamos salvando vidas una a una Concentramos el apoyo a personas con VIH
4;1,32653E+18;11/11/2020 14:28;Dominguez0927;Nocomacuentocomacarne coma lo que le provoque con moderacin y con plena libertad Bogota cali medellin colombia
4;1,32653E+18;11/11/2020 14:28;cerati9;View Medelln 11102020 CentroComercialDelEste DelEsteTeConviene DisfrutaEnDelEste Medellin Antioquia
4;1,32653E+18;11/11/2020 14:28;hleonjocas3136;RT AnalisisUrbano NosEstnMatando BuenViaje JosuDavid Colombia La tierra llora su partida Acompaemos el sentimiento de dolo
4;1,32653E+18;11/11/2020 14:28;acastro72;RT vanguardiacom El mayor beneficio de que Colombia ratifique el Acuerdo de Escaz es el fortalecimiento institucional y el reconocimien
4;1,32653E+18;11/11/2020 14:28;ArmandoCapito;La renuncia masiva en RevistaSemana debe ser por dos cosas la primera les dijeron que no podan criticar al gob
4;1,32653E+18;11/11/2020 14:27;cerati9;Producto Alimenticio Nacional I absolutely love this classic packaging Medelln 11102020
4;1,32653E+18;11/11/2020 14:27;RedMasNoticias;Deportes jamesdrodriguez es un gran jugador declar el tcnico scar Tabrez previo al partido Colombia v
4;1,32653E+18;11/11/2020 14:27;PizarroMariaJo;RT Observacom Colombia OBSERVACOM acompa el debate sobre proyecto de Ley para establecer mnimo vital de Internet UNALOficial Piza
4;1,32653E+18;11/11/2020 14:27;biocultivos;Escrbanos para conocer ms sobre nuestros productos o ingrese a nuestra web BioInsumos
4;1,32653E+18;11/11/2020 14:25;Ingenieros_EJC;RT YoSoyDanteEJC Misin DANTE promueve la aplicacin de normas que generen cambios culturales y pedaggicos enmarcados en la tica y la
4;1,32653E+18;11/11/2020 14:24;Arnoldodejesu14;RT Observacom Colombia OBSERVACOM acompa el debate sobre proyecto de Ley para establecer mnimo vital de Internet UNALOficial Piza
4;1,32653E+18;11/11/2020 14:24;TomasMdina;RT antetodoco ParquesNacionales60AnosColombia cuenta con 42 parques naturales estos son reflejo de nuestra diversidad Segn MinAmbie
4;1,32653E+18;11/11/2020 14:23;TomasMdina;RT antetodoco Mientras no tengamos herramientas efectivas contra el narcotrfico y no aumentemos el pie de fuerza de nuestras FFAA las m
4;1,32653E+18;11/11/2020 14:23;Ingenieros_EJC;RT YoSoyDanteEJC Nuestro compromiso con Colombia no se detieneCada instante fortalecemos nuestras capacidades profesionales para seg
4;1,32653E+18;11/11/2020 14:22;Josue_5to;Cuando decid escuchar a las personas correctas mis resultados cambiaron emprendedor Millonarios Colombia
4;1,32653E+18;11/11/2020 14:22;dac_62;RT FdoQuijano ATENCIN BajoCaucaBajoFuego Antioquia ParamafiososAvanzan AGC LosCaparros Colombia En la madrugada
4;1,32653E+18;11/11/2020 14:22;23ALZAT;RT FdoQuijano NosEstnMatando BuenViaje JosuDavid Colombia La tierra llora su partida Acompaemos el sentimiento de dolor de
4;1,32653E+18;11/11/2020 14:22;vegconomist_ES;Liveti El Veganismo en Colombia Ha Crecido de Forma Significativa en los ltimos 10 Aos Siendo el 2020 un Momen
4;1,32653E+18;11/11/2020 14:21;ScarlettMaldo19;RT patriaessolida1 Colombia Bolivia Y Chile Tiempos Gestantes De Octubre Latinoamericano11Nov MximaProtecci
4;1,32653E+18;11/11/2020 14:20;dialgoro274;RT zonainversion Interesante anlisis de Daviviendacorredores sobre los posibles dividendos para 2021 en algunas de las acciones listad
4;1,32653E+18;11/11/2020 14:19;richardmollina;RT FdoQuijano ATENCIN BajoCaucaBajoFuego Antioquia ParamafiososAvanzan AGC LosCaparros Colombia En la madrugada
4;1,32653E+18;11/11/2020 14:18;albertocorreae2;RT ISAZULETA Masacres en la ciudad jvenes Masacres en el campo jvenes Demasiadas coincidencias EstadoLo que ocurre en Colombi
4;1,32653E+18;11/11/2020 14:18;RedMasNoticias;Video Autoridades de Antioquia ofrecen recompensa por responsables de triple homicidio en Tmesis Informa
4;1,32653E+18;11/11/2020 14:17;lavibrante;Nueve jvenes murieron incinerados en estacin de Polica de Soacha Cundinamarca Noticias lavibrante AEstahora
4;1,32653E+18;11/11/2020 14:17;KrocInstitute;EnVivo El Padre Luis Fernando Munera Congote SJ Decano de la Facultad de Ciencias Polticas UniJaveriana part
4;1,32653E+18;11/11/2020 14:17;m_oscare;RT malugove Colombia SOS Acompaemos y ayudemos a esta valiente mujer ISAZULETA en sus denuncias Empresa Privada paramilitarismo a
4;1,32653E+18;11/11/2020 14:16;FernandSalgado;RT SONIAVEGANA Aqu les dejo mi canal de DOCUMENTALES espero que disfruten de todos los documentales documentales Espana Mexico Sig
4;1,32653E+18;11/11/2020 14:16;AngelaMarSv;RT SONIAVEGANA Aqu les dejo mi canal de DOCUMENTALES espero que disfruten de todos los documentales documentales Espana Mexico Sig
4;1,32653E+18;11/11/2020 14:16;Pittilin;RT Contravia Colombia Mientras cada da ms periodistas salen de los grandes medios capturados por grandes intereses econmicos las v
4;1,32653E+18;11/11/2020 14:15;SONIA_VEGANA;Aqu les dejo mi canal de DOCUMENTALES espero que disfruten de todos los documentales documentales Espana
4;1,32653E+18;11/11/2020 14:14;oscarabeja;Fcil que las Farc y el Nobelbrecht JuanManSantos les monten un medio de comunicacin para mamertos as como Per
4;1,32653E+18;11/11/2020 14:13;SofiaGamezOR;RT antetodoco Mientras no tengamos herramientas efectivas contra el narcotrfico y no aumentemos el pie de fuerza de nuestras FFAA las m
4;1,32653E+18;11/11/2020 14:13;felixeduardoram;RT Contravia Colombia Mientras cada da ms periodistas salen de los grandes medios capturados por grandes intereses econmicos las v
4;1,32653E+18;11/11/2020 14:12;Papergirl11;RT MovimientoxlPaz Mujeres indgenas aw y estrategias comunitarias para una vida libre de violencias de gnero en Colombia 12 de no
4;1,32653E+18;11/11/2020 14:10;ArriojaAlberto;RT PacoElviraMX Lo que viene siempre ser mejor que lo que se fuefelizmiercoles LaFuerzadelxito entreprenur leadership travel
4;1,32653E+18;11/11/2020 14:09;lachivaalerta;Alerta La Chiva AntioquiaRECOMPENSA DE 10 MILLONES POR RESPONSABLES DE HOMICIDIOS EN TMESISHomicio Tmesis
4;1,32653E+18;11/11/2020 14:09;lupita_0518;RT Contravia Colombia Hoy el pas recuerda una vez ms al gran JAIME GARZN y su equipo de humor poltico
4;1,32653E+18;11/11/2020 14:09;LeonFredyM;RT Observacom Colombia OBSERVACOM acompa el debate sobre proyecto de Ley para establecer mnimo vital de Internet UNALOficial Piza
4;1,32653E+18;11/11/2020 14:09;Gava32157961;RT Contravia Colombia Mientras algunos medios se hacen pedazos en manos de intereses econmicos otros surgen de la mano de valientes vc
4;1,32653E+18;11/11/2020 14:08;UninosEAFIT;Alguna vez hiciste un pacto con tu familia amigos o enemigos Cmo lo sellaste En este especial
4;1,32653E+18;11/11/2020 14:05;insomoda;Un buen modista debe ser arquitecto para los patrones escultor para la forma pintor para los dibujos msico par
4;1,32653E+18;11/11/2020 14:05;PBI_EE;RT IAPColombia Durante 2020 se han producido ms de 445 feminicidios en Colombia Participa en el concurso de poesa de IAP De
4;1,32653E+18;11/11/2020 14:04;PaulaCastilla3;RT PaisajeCol Nevado del Tolima en el Parque Nacional Natural Los NevadosFoto conthcristhian en InstagramColombia
4;1,32653E+18;11/11/2020 14:04;ramirez_toyo;A los despidos a la depuracin al desenquistamiento de los Enmermelados a la limpieza tica que realiz el grupo
4;1,32653E+18;11/11/2020 14:02;UTCarlo;RT ChalecosAmarill En Colombia asesinato masivo de nueve jvenesEl 409 Soacha vivi una escena dantesca en la estacin de Polic
4;1,32653E+18;11/11/2020 14:02;FdoQuijano;RT FdoQuijano ATENCIN BajoCaucaBajoFuego Antioquia ParamafiososAvanzan AGC LosCaparros Colombia En la madrugada
